src,dst,type
8741280,12294083,host
8741280,12294237,host
8741280,12294280,host
8741280,12294303,host
8741280,12294337,host
8741280,12294428,host
8741280,12294460,host
8741280,12294471,host
8741280,12294479,host
12295089,12344005,host
12295089,12402799,host
12412196,12412710,host
12295089,12416306,host
7949054,8170109,level
2446354,8737634,level
2446422,8738348,level
2446354,8738378,level
2446354,8740374,level
2446354,10069319,level
2446354,12312528,level
2446354,12333903,level
2446354,12385760,level
2446354,2446422,adjacent
2446354,7742895,adjacent
2446354,7949054,adjacent
2446354,8170109,adjacent
2446354,8628934,adjacent
2446354,10693233,adjacent
2446354,10693547,adjacent
2446354,10912740,adjacent
2446354,10912767,adjacent
2446354,10912803,adjacent
2446354,10912852,adjacent
2446354,10912869,adjacent
2446354,10912886,adjacent
2446354,10913080,adjacent
2446354,10913081,adjacent
2446354,10913082,adjacent
2446354,10913083,adjacent
2446354,10913084,adjacent
2446354,10913085,adjacent
2446354,10913086,adjacent
2446354,10913087,adjacent
2446354,10913092,adjacent
2446354,10913109,adjacent
2446354,10913126,adjacent
2446354,10913143,adjacent
2446354,10913160,adjacent
2446354,10913177,adjacent
2446354,10913194,adjacent
2446354,10913211,adjacent
2446354,10913228,adjacent
2446354,10913245,adjacent
2446354,10913262,adjacent
2446354,10913279,adjacent
2446354,10913296,adjacent
2446354,10913313,adjacent
2446354,10913330,adjacent
2446354,10913347,adjacent
2446354,10913364,adjacent
2446354,10913381,adjacent
2446354,10913398,adjacent
2446354,12054215,adjacent
2446354,12054279,adjacent
2446422,7742895,adjacent
2446422,7949054,adjacent
2446422,8170109,adjacent
2446422,8628934,adjacent
2446422,10693233,adjacent
2446422,10693547,adjacent
2446422,10912740,adjacent
2446422,10912767,adjacent
2446422,10912803,adjacent
2446422,10912852,adjacent
2446422,10912869,adjacent
2446422,10912886,adjacent
2446422,10913080,adjacent
2446422,10913081,adjacent
2446422,10913082,adjacent
2446422,10913083,adjacent
2446422,10913084,adjacent
2446422,10913085,adjacent
2446422,10913086,adjacent
2446422,10913087,adjacent
2446422,10913092,adjacent
2446422,10913109,adjacent
2446422,10913126,adjacent
2446422,10913143,adjacent
2446422,10913160,adjacent
2446422,10913177,adjacent
2446422,10913194,adjacent
2446422,10913211,adjacent
2446422,10913228,adjacent
2446422,10913245,adjacent
2446422,10913262,adjacent
2446422,10913279,adjacent
2446422,10913296,adjacent
2446422,10913313,adjacent
2446422,10913330,adjacent
2446422,10913347,adjacent
2446422,10913364,adjacent
2446422,10913381,adjacent
2446422,10913398,adjacent
2446422,12054215,adjacent
2446422,12054279,adjacent
7742895,7949054,adjacent
7742895,8170109,adjacent
7742895,8628934,adjacent
7742895,10693233,adjacent
7742895,10693547,adjacent
7742895,10912740,adjacent
7742895,10912767,adjacent
7742895,10912803,adjacent
7742895,10912852,adjacent
7742895,10912869,adjacent
7742895,10912886,adjacent
7742895,10913080,adjacent
7742895,10913081,adjacent
7742895,10913082,adjacent
7742895,10913083,adjacent
7742895,10913084,adjacent
7742895,10913085,adjacent
7742895,10913086,adjacent
7742895,10913087,adjacent
7742895,10913092,adjacent
7742895,10913109,adjacent
7742895,10913126,adjacent
7742895,10913143,adjacent
7742895,10913160,adjacent
7742895,10913177,adjacent
7742895,10913194,adjacent
7742895,10913211,adjacent
7742895,10913228,adjacent
7742895,10913245,adjacent
7742895,10913262,adjacent
7742895,10913279,adjacent
7742895,10913296,adjacent
7742895,10913313,adjacent
7742895,10913330,adjacent
7742895,10913347,adjacent
7742895,10913364,adjacent
7742895,10913381,adjacent
7742895,10913398,adjacent
7742895,12054215,adjacent
7742895,12054279,adjacent
7949054,8170109,adjacent
7949054,8628934,adjacent
7949054,10693233,adjacent
7949054,10693547,adjacent
7949054,10912740,adjacent
7949054,10912767,adjacent
7949054,10912803,adjacent
7949054,10912852,adjacent
7949054,10912869,adjacent
7949054,10912886,adjacent
7949054,10913080,adjacent
7949054,10913081,adjacent
7949054,10913082,adjacent
7949054,10913083,adjacent
7949054,10913084,adjacent
7949054,10913085,adjacent
7949054,10913086,adjacent
7949054,10913087,adjacent
7949054,10913092,adjacent
7949054,10913109,adjacent
7949054,10913126,adjacent
7949054,10913143,adjacent
7949054,10913160,adjacent
7949054,10913177,adjacent
7949054,10913194,adjacent
7949054,10913211,adjacent
7949054,10913228,adjacent
7949054,10913245,adjacent
7949054,10913262,adjacent
7949054,10913279,adjacent
7949054,10913296,adjacent
7949054,10913313,adjacent
7949054,10913330,adjacent
7949054,10913347,adjacent
7949054,10913364,adjacent
7949054,10913381,adjacent
7949054,10913398,adjacent
7949054,12054215,adjacent
7949054,12054279,adjacent
8170109,8628934,adjacent
8170109,10693233,adjacent
8170109,10693547,adjacent
8170109,10912740,adjacent
8170109,10912767,adjacent
8170109,10912803,adjacent
8170109,10912852,adjacent
8170109,10912869,adjacent
8170109,10912886,adjacent
8170109,10913080,adjacent
8170109,10913081,adjacent
8170109,10913082,adjacent
8170109,10913083,adjacent
8170109,10913084,adjacent
8170109,10913085,adjacent
8170109,10913086,adjacent
8170109,10913087,adjacent
8170109,10913092,adjacent
8170109,10913109,adjacent
8170109,10913126,adjacent
8170109,10913143,adjacent
8170109,10913160,adjacent
8170109,10913177,adjacent
8170109,10913194,adjacent
8170109,10913211,adjacent
8170109,10913228,adjacent
8170109,10913245,adjacent
8170109,10913262,adjacent
8170109,10913279,adjacent
8170109,10913296,adjacent
8170109,10913313,adjacent
8170109,10913330,adjacent
8170109,10913347,adjacent
8170109,10913364,adjacent
8170109,10913381,adjacent
8170109,10913398,adjacent
8170109,12054215,adjacent
8170109,12054279,adjacent
8628934,10693233,adjacent
8628934,10693547,adjacent
8628934,10912740,adjacent
8628934,10912767,adjacent
8628934,10912803,adjacent
8628934,10912852,adjacent
8628934,10912869,adjacent
8628934,10912886,adjacent
8628934,10913080,adjacent
8628934,10913081,adjacent
8628934,10913082,adjacent
8628934,10913083,adjacent
8628934,10913084,adjacent
8628934,10913085,adjacent
8628934,10913086,adjacent
8628934,10913087,adjacent
8628934,10913092,adjacent
8628934,10913109,adjacent
8628934,10913126,adjacent
8628934,10913143,adjacent
8628934,10913160,adjacent
8628934,10913177,adjacent
8628934,10913194,adjacent
8628934,10913211,adjacent
8628934,10913228,adjacent
8628934,10913245,adjacent
8628934,10913262,adjacent
8628934,10913279,adjacent
8628934,10913296,adjacent
8628934,10913313,adjacent
8628934,10913330,adjacent
8628934,10913347,adjacent
8628934,10913364,adjacent
8628934,10913381,adjacent
8628934,10913398,adjacent
8628934,12054215,adjacent
8628934,12054279,adjacent
8737634,8741280,adjacent
8737634,12290956,adjacent
8737634,12333903,adjacent
8737634,12354815,adjacent
8737634,12385760,adjacent
8738348,12292771,adjacent
8738348,12292870,adjacent
8738348,12292886,adjacent
8738348,12292896,adjacent
8738348,12293121,adjacent
8738348,12293249,adjacent
8738348,12293260,adjacent
8738348,12293270,adjacent
8738348,12293280,adjacent
8738348,12295089,adjacent
8738348,12295895,adjacent
8738348,12362151,adjacent
8738348,12362153,adjacent
8738348,12362154,adjacent
8738348,12362155,adjacent
8738348,12402799,adjacent
8738348,12429183,adjacent
8738348,12429290,adjacent
8738378,12388872,adjacent
8740374,8741280,adjacent
8740374,10069319,adjacent
8740374,12312528,adjacent
8740374,12333903,adjacent
8740374,12385760,adjacent
8741280,12290956,adjacent
8741280,12292771,adjacent
8741280,12292870,adjacent
8741280,12292886,adjacent
8741280,12292896,adjacent
8741280,12293121,adjacent
8741280,12293249,adjacent
8741280,12293260,adjacent
8741280,12293270,adjacent
8741280,12293280,adjacent
8741280,12294083,adjacent
8741280,12294237,adjacent
8741280,12294280,adjacent
8741280,12294303,adjacent
8741280,12294337,adjacent
8741280,12294428,adjacent
8741280,12294460,adjacent
8741280,12294471,adjacent
8741280,12294479,adjacent
8741280,12295089,adjacent
8741280,12312528,adjacent
8741280,12344005,adjacent
8741280,12362151,adjacent
8741280,12362153,adjacent
8741280,12362154,adjacent
8741280,12362155,adjacent
8741280,12385760,adjacent
10069319,12333903,adjacent
10069319,12354815,adjacent
10069319,12385760,adjacent
10693233,10693547,adjacent
10693233,10912740,adjacent
10693233,10912767,adjacent
10693233,10912803,adjacent
10693233,10912852,adjacent
10693233,10912869,adjacent
10693233,10912886,adjacent
10693233,10913080,adjacent
10693233,10913081,adjacent
10693233,10913082,adjacent
10693233,10913083,adjacent
10693233,10913084,adjacent
10693233,10913085,adjacent
10693233,10913086,adjacent
10693233,10913087,adjacent
10693233,10913092,adjacent
10693233,10913109,adjacent
10693233,10913126,adjacent
10693233,10913143,adjacent
10693233,10913160,adjacent
10693233,10913177,adjacent
10693233,10913194,adjacent
10693233,10913211,adjacent
10693233,10913228,adjacent
10693233,10913245,adjacent
10693233,10913262,adjacent
10693233,10913279,adjacent
10693233,10913296,adjacent
10693233,10913313,adjacent
10693233,10913330,adjacent
10693233,10913347,adjacent
10693233,10913364,adjacent
10693233,10913381,adjacent
10693233,10913398,adjacent
10693233,12054215,adjacent
10693233,12054279,adjacent
10693547,10912740,adjacent
10693547,10912767,adjacent
10693547,10912803,adjacent
10693547,10912852,adjacent
10693547,10912869,adjacent
10693547,10912886,adjacent
10693547,10913080,adjacent
10693547,10913081,adjacent
10693547,10913082,adjacent
10693547,10913083,adjacent
10693547,10913084,adjacent
10693547,10913085,adjacent
10693547,10913086,adjacent
10693547,10913087,adjacent
10693547,10913092,adjacent
10693547,10913109,adjacent
10693547,10913126,adjacent
10693547,10913143,adjacent
10693547,10913160,adjacent
10693547,10913177,adjacent
10693547,10913194,adjacent
10693547,10913211,adjacent
10693547,10913228,adjacent
10693547,10913245,adjacent
10693547,10913262,adjacent
10693547,10913279,adjacent
10693547,10913296,adjacent
10693547,10913313,adjacent
10693547,10913330,adjacent
10693547,10913347,adjacent
10693547,10913364,adjacent
10693547,10913381,adjacent
10693547,10913398,adjacent
10693547,12054215,adjacent
10693547,12054279,adjacent
10912740,10912767,adjacent
10912740,10912803,adjacent
10912740,10912852,adjacent
10912740,10912869,adjacent
10912740,10912886,adjacent
10912740,10913080,adjacent
10912740,10913081,adjacent
10912740,10913082,adjacent
10912740,10913083,adjacent
10912740,10913084,adjacent
10912740,10913085,adjacent
10912740,10913086,adjacent
10912740,10913087,adjacent
10912740,10913092,adjacent
10912740,10913109,adjacent
10912740,10913126,adjacent
10912740,10913143,adjacent
10912740,10913160,adjacent
10912740,10913177,adjacent
10912740,10913194,adjacent
10912740,10913211,adjacent
10912740,10913228,adjacent
10912740,10913245,adjacent
10912740,10913262,adjacent
10912740,10913279,adjacent
10912740,10913296,adjacent
10912740,10913313,adjacent
10912740,10913330,adjacent
10912740,10913347,adjacent
10912740,10913364,adjacent
10912740,10913381,adjacent
10912740,10913398,adjacent
10912740,12054215,adjacent
10912740,12054279,adjacent
10912767,10912803,adjacent
10912767,10912852,adjacent
10912767,10912869,adjacent
10912767,10912886,adjacent
10912767,10913080,adjacent
10912767,10913081,adjacent
10912767,10913082,adjacent
10912767,10913083,adjacent
10912767,10913084,adjacent
10912767,10913085,adjacent
10912767,10913086,adjacent
10912767,10913087,adjacent
10912767,10913092,adjacent
10912767,10913109,adjacent
10912767,10913126,adjacent
10912767,10913143,adjacent
10912767,10913160,adjacent
10912767,10913177,adjacent
10912767,10913194,adjacent
10912767,10913211,adjacent
10912767,10913228,adjacent
10912767,10913245,adjacent
10912767,10913262,adjacent
10912767,10913279,adjacent
10912767,10913296,adjacent
10912767,10913313,adjacent
10912767,10913330,adjacent
10912767,10913347,adjacent
10912767,10913364,adjacent
10912767,10913381,adjacent
10912767,10913398,adjacent
10912767,12054215,adjacent
10912767,12054279,adjacent
10912803,10912852,adjacent
10912803,10912869,adjacent
10912803,10912886,adjacent
10912803,10913080,adjacent
10912803,10913081,adjacent
10912803,10913082,adjacent
10912803,10913083,adjacent
10912803,10913084,adjacent
10912803,10913085,adjacent
10912803,10913086,adjacent
10912803,10913087,adjacent
10912803,10913092,adjacent
10912803,10913109,adjacent
10912803,10913126,adjacent
10912803,10913143,adjacent
10912803,10913160,adjacent
10912803,10913177,adjacent
10912803,10913194,adjacent
10912803,10913211,adjacent
10912803,10913228,adjacent
10912803,10913245,adjacent
10912803,10913262,adjacent
10912803,10913279,adjacent
10912803,10913296,adjacent
10912803,10913313,adjacent
10912803,10913330,adjacent
10912803,10913347,adjacent
10912803,10913364,adjacent
10912803,10913381,adjacent
10912803,10913398,adjacent
10912803,12054215,adjacent
10912803,12054279,adjacent
10912852,10912869,adjacent
10912852,10912886,adjacent
10912852,10913080,adjacent
10912852,10913081,adjacent
10912852,10913082,adjacent
10912852,10913083,adjacent
10912852,10913084,adjacent
10912852,10913085,adjacent
10912852,10913086,adjacent
10912852,10913087,adjacent
10912852,10913092,adjacent
10912852,10913109,adjacent
10912852,10913126,adjacent
10912852,10913143,adjacent
10912852,10913160,adjacent
10912852,10913177,adjacent
10912852,10913194,adjacent
10912852,10913211,adjacent
10912852,10913228,adjacent
10912852,10913245,adjacent
10912852,10913262,adjacent
10912852,10913279,adjacent
10912852,10913296,adjacent
10912852,10913313,adjacent
10912852,10913330,adjacent
10912852,10913347,adjacent
10912852,10913364,adjacent
10912852,10913381,adjacent
10912852,10913398,adjacent
10912852,12054215,adjacent
10912852,12054279,adjacent
10912869,10912886,adjacent
10912869,10913080,adjacent
10912869,10913081,adjacent
10912869,10913082,adjacent
10912869,10913083,adjacent
10912869,10913084,adjacent
10912869,10913085,adjacent
10912869,10913086,adjacent
10912869,10913087,adjacent
10912869,10913092,adjacent
10912869,10913109,adjacent
10912869,10913126,adjacent
10912869,10913143,adjacent
10912869,10913160,adjacent
10912869,10913177,adjacent
10912869,10913194,adjacent
10912869,10913211,adjacent
10912869,10913228,adjacent
10912869,10913245,adjacent
10912869,10913262,adjacent
10912869,10913279,adjacent
10912869,10913296,adjacent
10912869,10913313,adjacent
10912869,10913330,adjacent
10912869,10913347,adjacent
10912869,10913364,adjacent
10912869,10913381,adjacent
10912869,10913398,adjacent
10912869,12054215,adjacent
10912869,12054279,adjacent
10912886,10913080,adjacent
10912886,10913081,adjacent
10912886,10913082,adjacent
10912886,10913083,adjacent
10912886,10913084,adjacent
10912886,10913085,adjacent
10912886,10913086,adjacent
10912886,10913087,adjacent
10912886,10913092,adjacent
10912886,10913109,adjacent
10912886,10913126,adjacent
10912886,10913143,adjacent
10912886,10913160,adjacent
10912886,10913177,adjacent
10912886,10913194,adjacent
10912886,10913211,adjacent
10912886,10913228,adjacent
10912886,10913245,adjacent
10912886,10913262,adjacent
10912886,10913279,adjacent
10912886,10913296,adjacent
10912886,10913313,adjacent
10912886,10913330,adjacent
10912886,10913347,adjacent
10912886,10913364,adjacent
10912886,10913381,adjacent
10912886,10913398,adjacent
10912886,12054215,adjacent
10912886,12054279,adjacent
10913080,10913081,adjacent
10913080,10913082,adjacent
10913080,10913083,adjacent
10913080,10913084,adjacent
10913080,10913085,adjacent
10913080,10913086,adjacent
10913080,10913087,adjacent
10913080,10913092,adjacent
10913080,10913109,adjacent
10913080,10913126,adjacent
10913080,10913143,adjacent
10913080,10913160,adjacent
10913080,10913177,adjacent
10913080,10913194,adjacent
10913080,10913211,adjacent
10913080,10913228,adjacent
10913080,10913245,adjacent
10913080,10913262,adjacent
10913080,10913279,adjacent
10913080,10913296,adjacent
10913080,10913313,adjacent
10913080,10913330,adjacent
10913080,10913347,adjacent
10913080,10913364,adjacent
10913080,10913381,adjacent
10913080,10913398,adjacent
10913080,12054215,adjacent
10913080,12054279,adjacent
10913081,10913082,adjacent
10913081,10913083,adjacent
10913081,10913084,adjacent
10913081,10913085,adjacent
10913081,10913086,adjacent
10913081,10913087,adjacent
10913081,10913092,adjacent
10913081,10913109,adjacent
10913081,10913126,adjacent
10913081,10913143,adjacent
10913081,10913160,adjacent
10913081,10913177,adjacent
10913081,10913194,adjacent
10913081,10913211,adjacent
10913081,10913228,adjacent
10913081,10913245,adjacent
10913081,10913262,adjacent
10913081,10913279,adjacent
10913081,10913296,adjacent
10913081,10913313,adjacent
10913081,10913330,adjacent
10913081,10913347,adjacent
10913081,10913364,adjacent
10913081,10913381,adjacent
10913081,10913398,adjacent
10913081,12054215,adjacent
10913081,12054279,adjacent
10913082,10913083,adjacent
10913082,10913084,adjacent
10913082,10913085,adjacent
10913082,10913086,adjacent
10913082,10913087,adjacent
10913082,10913092,adjacent
10913082,10913109,adjacent
10913082,10913126,adjacent
10913082,10913143,adjacent
10913082,10913160,adjacent
10913082,10913177,adjacent
10913082,10913194,adjacent
10913082,10913211,adjacent
10913082,10913228,adjacent
10913082,10913245,adjacent
10913082,10913262,adjacent
10913082,10913279,adjacent
10913082,10913296,adjacent
10913082,10913313,adjacent
10913082,10913330,adjacent
10913082,10913347,adjacent
10913082,10913364,adjacent
10913082,10913381,adjacent
10913082,10913398,adjacent
10913082,12054215,adjacent
10913082,12054279,adjacent
10913083,10913084,adjacent
10913083,10913085,adjacent
10913083,10913086,adjacent
10913083,10913087,adjacent
10913083,10913092,adjacent
10913083,10913109,adjacent
10913083,10913126,adjacent
10913083,10913143,adjacent
10913083,10913160,adjacent
10913083,10913177,adjacent
10913083,10913194,adjacent
10913083,10913211,adjacent
10913083,10913228,adjacent
10913083,10913245,adjacent
10913083,10913262,adjacent
10913083,10913279,adjacent
10913083,10913296,adjacent
10913083,10913313,adjacent
10913083,10913330,adjacent
10913083,10913347,adjacent
10913083,10913364,adjacent
10913083,10913381,adjacent
10913083,10913398,adjacent
10913083,12054215,adjacent
10913083,12054279,adjacent
10913084,10913085,adjacent
10913084,10913086,adjacent
10913084,10913087,adjacent
10913084,10913092,adjacent
10913084,10913109,adjacent
10913084,10913126,adjacent
10913084,10913143,adjacent
10913084,10913160,adjacent
10913084,10913177,adjacent
10913084,10913194,adjacent
10913084,10913211,adjacent
10913084,10913228,adjacent
10913084,10913245,adjacent
10913084,10913262,adjacent
10913084,10913279,adjacent
10913084,10913296,adjacent
10913084,10913313,adjacent
10913084,10913330,adjacent
10913084,10913347,adjacent
10913084,10913364,adjacent
10913084,10913381,adjacent
10913084,10913398,adjacent
10913084,12054215,adjacent
10913084,12054279,adjacent
10913085,10913086,adjacent
10913085,10913087,adjacent
10913085,10913092,adjacent
10913085,10913109,adjacent
10913085,10913126,adjacent
10913085,10913143,adjacent
10913085,10913160,adjacent
10913085,10913177,adjacent
10913085,10913194,adjacent
10913085,10913211,adjacent
10913085,10913228,adjacent
10913085,10913245,adjacent
10913085,10913262,adjacent
10913085,10913279,adjacent
10913085,10913296,adjacent
10913085,10913313,adjacent
10913085,10913330,adjacent
10913085,10913347,adjacent
10913085,10913364,adjacent
10913085,10913381,adjacent
10913085,10913398,adjacent
10913085,12054215,adjacent
10913085,12054279,adjacent
10913086,10913087,adjacent
10913086,10913092,adjacent
10913086,10913109,adjacent
10913086,10913126,adjacent
10913086,10913143,adjacent
10913086,10913160,adjacent
10913086,10913177,adjacent
10913086,10913194,adjacent
10913086,10913211,adjacent
10913086,10913228,adjacent
10913086,10913245,adjacent
10913086,10913262,adjacent
10913086,10913279,adjacent
10913086,10913296,adjacent
10913086,10913313,adjacent
10913086,10913330,adjacent
10913086,10913347,adjacent
10913086,10913364,adjacent
10913086,10913381,adjacent
10913086,10913398,adjacent
10913086,12054215,adjacent
10913086,12054279,adjacent
10913087,10913092,adjacent
10913087,10913109,adjacent
10913087,10913126,adjacent
10913087,10913143,adjacent
10913087,10913160,adjacent
10913087,10913177,adjacent
10913087,10913194,adjacent
10913087,10913211,adjacent
10913087,10913228,adjacent
10913087,10913245,adjacent
10913087,10913262,adjacent
10913087,10913279,adjacent
10913087,10913296,adjacent
10913087,10913313,adjacent
10913087,10913330,adjacent
10913087,10913347,adjacent
10913087,10913364,adjacent
10913087,10913381,adjacent
10913087,10913398,adjacent
10913087,12054215,adjacent
10913087,12054279,adjacent
10913092,10913109,adjacent
10913092,10913126,adjacent
10913092,10913143,adjacent
10913092,10913160,adjacent
10913092,10913177,adjacent
10913092,10913194,adjacent
10913092,10913211,adjacent
10913092,10913228,adjacent
10913092,10913245,adjacent
10913092,10913262,adjacent
10913092,10913279,adjacent
10913092,10913296,adjacent
10913092,10913313,adjacent
10913092,10913330,adjacent
10913092,10913347,adjacent
10913092,10913364,adjacent
10913092,10913381,adjacent
10913092,10913398,adjacent
10913092,12054215,adjacent
10913092,12054279,adjacent
10913109,10913126,adjacent
10913109,10913143,adjacent
10913109,10913160,adjacent
10913109,10913177,adjacent
10913109,10913194,adjacent
10913109,10913211,adjacent
10913109,10913228,adjacent
10913109,10913245,adjacent
10913109,10913262,adjacent
10913109,10913279,adjacent
10913109,10913296,adjacent
10913109,10913313,adjacent
10913109,10913330,adjacent
10913109,10913347,adjacent
10913109,10913364,adjacent
10913109,10913381,adjacent
10913109,10913398,adjacent
10913109,12054215,adjacent
10913109,12054279,adjacent
10913126,10913143,adjacent
10913126,10913160,adjacent
10913126,10913177,adjacent
10913126,10913194,adjacent
10913126,10913211,adjacent
10913126,10913228,adjacent
10913126,10913245,adjacent
10913126,10913262,adjacent
10913126,10913279,adjacent
10913126,10913296,adjacent
10913126,10913313,adjacent
10913126,10913330,adjacent
10913126,10913347,adjacent
10913126,10913364,adjacent
10913126,10913381,adjacent
10913126,10913398,adjacent
10913126,12054215,adjacent
10913126,12054279,adjacent
10913143,10913160,adjacent
10913143,10913177,adjacent
10913143,10913194,adjacent
10913143,10913211,adjacent
10913143,10913228,adjacent
10913143,10913245,adjacent
10913143,10913262,adjacent
10913143,10913279,adjacent
10913143,10913296,adjacent
10913143,10913313,adjacent
10913143,10913330,adjacent
10913143,10913347,adjacent
10913143,10913364,adjacent
10913143,10913381,adjacent
10913143,10913398,adjacent
10913143,12054215,adjacent
10913143,12054279,adjacent
10913160,10913177,adjacent
10913160,10913194,adjacent
10913160,10913211,adjacent
10913160,10913228,adjacent
10913160,10913245,adjacent
10913160,10913262,adjacent
10913160,10913279,adjacent
10913160,10913296,adjacent
10913160,10913313,adjacent
10913160,10913330,adjacent
10913160,10913347,adjacent
10913160,10913364,adjacent
10913160,10913381,adjacent
10913160,10913398,adjacent
10913160,12054215,adjacent
10913160,12054279,adjacent
10913177,10913194,adjacent
10913177,10913211,adjacent
10913177,10913228,adjacent
10913177,10913245,adjacent
10913177,10913262,adjacent
10913177,10913279,adjacent
10913177,10913296,adjacent
10913177,10913313,adjacent
10913177,10913330,adjacent
10913177,10913347,adjacent
10913177,10913364,adjacent
10913177,10913381,adjacent
10913177,10913398,adjacent
10913177,12054215,adjacent
10913177,12054279,adjacent
10913194,10913211,adjacent
10913194,10913228,adjacent
10913194,10913245,adjacent
10913194,10913262,adjacent
10913194,10913279,adjacent
10913194,10913296,adjacent
10913194,10913313,adjacent
10913194,10913330,adjacent
10913194,10913347,adjacent
10913194,10913364,adjacent
10913194,10913381,adjacent
10913194,10913398,adjacent
10913194,12054215,adjacent
10913194,12054279,adjacent
10913211,10913228,adjacent
10913211,10913245,adjacent
10913211,10913262,adjacent
10913211,10913279,adjacent
10913211,10913296,adjacent
10913211,10913313,adjacent
10913211,10913330,adjacent
10913211,10913347,adjacent
10913211,10913364,adjacent
10913211,10913381,adjacent
10913211,10913398,adjacent
10913211,12054215,adjacent
10913211,12054279,adjacent
10913228,10913245,adjacent
10913228,10913262,adjacent
10913228,10913279,adjacent
10913228,10913296,adjacent
10913228,10913313,adjacent
10913228,10913330,adjacent
10913228,10913347,adjacent
10913228,10913364,adjacent
10913228,10913381,adjacent
10913228,10913398,adjacent
10913228,12054215,adjacent
10913228,12054279,adjacent
10913245,10913262,adjacent
10913245,10913279,adjacent
10913245,10913296,adjacent
10913245,10913313,adjacent
10913245,10913330,adjacent
10913245,10913347,adjacent
10913245,10913364,adjacent
10913245,10913381,adjacent
10913245,10913398,adjacent
10913245,12054215,adjacent
10913245,12054279,adjacent
10913262,10913279,adjacent
10913262,10913296,adjacent
10913262,10913313,adjacent
10913262,10913330,adjacent
10913262,10913347,adjacent
10913262,10913364,adjacent
10913262,10913381,adjacent
10913262,10913398,adjacent
10913262,12054215,adjacent
10913262,12054279,adjacent
10913279,10913296,adjacent
10913279,10913313,adjacent
10913279,10913330,adjacent
10913279,10913347,adjacent
10913279,10913364,adjacent
10913279,10913381,adjacent
10913279,10913398,adjacent
10913279,12054215,adjacent
10913279,12054279,adjacent
10913296,10913313,adjacent
10913296,10913330,adjacent
10913296,10913347,adjacent
10913296,10913364,adjacent
10913296,10913381,adjacent
10913296,10913398,adjacent
10913296,12054215,adjacent
10913296,12054279,adjacent
10913313,10913330,adjacent
10913313,10913347,adjacent
10913313,10913364,adjacent
10913313,10913381,adjacent
10913313,10913398,adjacent
10913313,12054215,adjacent
10913313,12054279,adjacent
10913330,10913347,adjacent
10913330,10913364,adjacent
10913330,10913381,adjacent
10913330,10913398,adjacent
10913330,12054215,adjacent
10913330,12054279,adjacent
10913347,10913364,adjacent
10913347,10913381,adjacent
10913347,10913398,adjacent
10913347,12054215,adjacent
10913347,12054279,adjacent
10913364,10913381,adjacent
10913364,10913398,adjacent
10913364,12054215,adjacent
10913364,12054279,adjacent
10913381,10913398,adjacent
10913381,12054215,adjacent
10913381,12054279,adjacent
10913398,12054215,adjacent
10913398,12054279,adjacent
12054215,12054279,adjacent
12290956,12354815,adjacent
12292771,12294303,adjacent
12292771,12362151,adjacent
12292870,12294083,adjacent
12292870,12362153,adjacent
12292886,12294237,adjacent
12292886,12362154,adjacent
12292896,12294280,adjacent
12292896,12362155,adjacent
12293121,12294428,adjacent
12293249,12294337,adjacent
12293260,12294460,adjacent
12293270,12294471,adjacent
12293280,12294479,adjacent
12294083,12362153,adjacent
12294237,12362154,adjacent
12294280,12362155,adjacent
12294303,12362151,adjacent
12295089,12344005,adjacent
12295089,12402799,adjacent
12295089,12416306,adjacent
12312528,12385760,adjacent
12333903,12354815,adjacent
12333903,12385760,adjacent
12412196,12412710,adjacent
