id,category,family,type,level_id,host_id,min_x,min_y,min_z,max_x,max_y,max_z,cx,cy,cz,length,height,thickness,area,width,depth,dir_x,dir_y,dir_z,room_name,room_number,level_elevation
2446354,Levels,Level,WH_Project level,-1,-1,0,0,0,0,0,0,0,0,0,0,0,0,0,0,0,0,0,0,,,408.05446194225726
2446422,Levels,Level,WH_Project level,-1,-1,0,0,0,0,0,0,0,0,0,0,0,0,0,0,0,0,0,0,,,418.96325459317586
7742895,Levels,Level,WH_Project level,-1,-1,0,0,0,0,0,0,0,0,0,0,0,0,0,0,0,0,0,0,,,397.1456692913386
7949054,Levels,Level,WH_Project level,-1,-1,0,0,0,0,0,0,0,0,0,0,0,0,0,0,0,0,0,0,,,429.8720472440945
8170109,Rooms,UnknownFamily,UnknownType,7949054,-1,0,0,0,0,0,0,0,0,0,0,0,0,0,0,0,0,0,0,Room 1,1,0
8628934,Levels,Level,WH_Project level,-1,-1,0,0,0,0,0,0,0,0,0,0,0,0,0,0,0,0,0,0,,,440.7808398950132
8737634,Floors,Floor,S(130)=130RC_PPVC,2446354,-1,11.516044939415742,-70.42216640206406,450.18044619422574,19.652527879047682,-55.92069735305384,450.60695538057746,15.584286409231712,-63.17143187755895,450.3937007874016,0,0,0,117.99095551687208,0,0,0,0,0,,,0
8738348,Floors,Floor,S(75)=75RC_PPVC,2446422,-1,10.82706856146251,-77.18076832283232,460.2362204724409,20.30869585805067,-56.084896060856636,460.4822834645669,15.56788220975659,-66.63283219184447,460.3592519685039,0,0,0,185.28990408823125,0,0,0,0,0,,,0
8738378,Floors,Floor,S(140)=140RC_PPVC,2446354,-1,10.334942577210866,-81.11860849449918,449.6391076115486,18.208958325241838,-77.83686455502915,450.0984251968504,14.271950451226353,-79.47773652476417,449.8687664041995,0,0,0,25.12966498516554,0,0,0,0,0,,,0
8740374,Floors,Floor,S(160)=160RC_PPVC,2446354,-1,16.748984293261334,-77.1807683228323,449.8031496062992,19.652527879047682,-72.58736401880542,450.3280839895013,18.200756086154506,-74.88406617081885,450.06561679790025,0,0,0,10.98080513440809,0,0,0,0,0,,,0
8741280,Structural Framing,S_BEAM_PPVC_Top Recess (L),200(W)x210/295(D),-1,-1,19.652527879047682,-77.18076832283231,449.6391076115486,20.308695858050307,-55.5764376141708,450.60695538057746,19.980611868548994,-66.37860296850155,450.12303149606305,21.604330708661514,0,0,0,0,0,0,0,0,,,0
10069319,Floors,Floor,S(195)=195RC_PPVC,2446354,-1,11.516044934610015,-77.18069745539665,449.8031496062992,16.978643085912257,-72.58736401880542,450.4429133858268,14.247344010261136,-74.88403073710103,450.123031496063,0,0,0,24.322983267705737,0,0,0,0,0,,,0
10693233,Levels,Level,WH_Project level,-1,-1,0,0,0,0,0,0,0,0,0,0,0,0,0,0,0,0,0,0,,,350.39370078740154
10693547,Levels,Level,WH_Project level,-1,-1,0,0,0,0,0,0,0,0,0,0,0,0,0,0,0,0,0,0,,,336.04002624671915
10912740,Levels,Level,WH_Project level,-1,-1,0,0,0,0,0,0,0,0,0,0,0,0,0,0,0,0,0,0,,,321.11220472440937
10912767,Levels,Level,WH_Project level,-1,-1,0,0,0,0,0,0,0,0,0,0,0,0,0,0,0,0,0,0,,,307.9068241469816
10912803,Levels,Level,WH_Project level,-1,-1,0,0,0,0,0,0,0,0,0,0,0,0,0,0,0,0,0,0,,,451.68963254593183
10912852,Levels,Level,WH_Project level,-1,-1,0,0,0,0,0,0,0,0,0,0,0,0,0,0,0,0,0,0,,,462.5984251968505
10912869,Levels,Level,WH_Project level,-1,-1,0,0,0,0,0,0,0,0,0,0,0,0,0,0,0,0,0,0,,,473.5072178477691
10912886,Levels,Level,WH_Project level,-1,-1,0,0,0,0,0,0,0,0,0,0,0,0,0,0,0,0,0,0,,,484.4160104986877
10913080,Levels,Level,WH_Project level,-1,-1,0,0,0,0,0,0,0,0,0,0,0,0,0,0,0,0,0,0,,,495.3248031496063
10913081,Levels,Level,WH_Project level,-1,-1,0,0,0,0,0,0,0,0,0,0,0,0,0,0,0,0,0,0,,,506.2335958005249
10913082,Levels,Level,WH_Project level,-1,-1,0,0,0,0,0,0,0,0,0,0,0,0,0,0,0,0,0,0,,,517.1423884514435
10913083,Levels,Level,WH_Project level,-1,-1,0,0,0,0,0,0,0,0,0,0,0,0,0,0,0,0,0,0,,,528.0511811023621
10913084,Levels,Level,WH_Project level,-1,-1,0,0,0,0,0,0,0,0,0,0,0,0,0,0,0,0,0,0,,,538.9599737532807
10913085,Levels,Level,WH_Project level,-1,-1,0,0,0,0,0,0,0,0,0,0,0,0,0,0,0,0,0,0,,,549.8687664041993
10913086,Levels,Level,WH_Project level,-1,-1,0,0,0,0,0,0,0,0,0,0,0,0,0,0,0,0,0,0,,,560.7775590551179
10913087,Levels,Level,WH_Project level,-1,-1,0,0,0,0,0,0,0,0,0,0,0,0,0,0,0,0,0,0,,,571.6863517060365
10913092,Levels,Level,WH_Project level,-1,-1,0,0,0,0,0,0,0,0,0,0,0,0,0,0,0,0,0,0,,,582.5951443569551
10913109,Levels,Level,WH_Project level,-1,-1,0,0,0,0,0,0,0,0,0,0,0,0,0,0,0,0,0,0,,,593.5039370078737
10913126,Levels,Level,WH_Project level,-1,-1,0,0,0,0,0,0,0,0,0,0,0,0,0,0,0,0,0,0,,,604.4127296587923
10913143,Levels,Level,WH_Project level,-1,-1,0,0,0,0,0,0,0,0,0,0,0,0,0,0,0,0,0,0,,,615.3215223097109
10913160,Levels,Level,WH_Project level,-1,-1,0,0,0,0,0,0,0,0,0,0,0,0,0,0,0,0,0,0,,,626.2303149606295
10913177,Levels,Level,WH_Project level,-1,-1,0,0,0,0,0,0,0,0,0,0,0,0,0,0,0,0,0,0,,,637.1391076115481
10913194,Levels,Level,WH_Project level,-1,-1,0,0,0,0,0,0,0,0,0,0,0,0,0,0,0,0,0,0,,,648.0479002624667
10913211,Levels,Level,WH_Project level,-1,-1,0,0,0,0,0,0,0,0,0,0,0,0,0,0,0,0,0,0,,,658.9566929133853
10913228,Levels,Level,WH_Project level,-1,-1,0,0,0,0,0,0,0,0,0,0,0,0,0,0,0,0,0,0,,,669.8654855643039
10913245,Levels,Level,WH_Project level,-1,-1,0,0,0,0,0,0,0,0,0,0,0,0,0,0,0,0,0,0,,,680.7742782152225
10913262,Levels,Level,WH_Project level,-1,-1,0,0,0,0,0,0,0,0,0,0,0,0,0,0,0,0,0,0,,,691.6830708661411
10913279,Levels,Level,WH_Project level,-1,-1,0,0,0,0,0,0,0,0,0,0,0,0,0,0,0,0,0,0,,,702.5918635170597
10913296,Levels,Level,WH_Project level,-1,-1,0,0,0,0,0,0,0,0,0,0,0,0,0,0,0,0,0,0,,,713.5006561679783
10913313,Levels,Level,WH_Project level,-1,-1,0,0,0,0,0,0,0,0,0,0,0,0,0,0,0,0,0,0,,,724.4094488188969
10913330,Levels,Level,WH_Project level,-1,-1,0,0,0,0,0,0,0,0,0,0,0,0,0,0,0,0,0,0,,,735.3182414698155
10913347,Levels,Level,WH_Project level,-1,-1,0,0,0,0,0,0,0,0,0,0,0,0,0,0,0,0,0,0,,,746.2270341207341
10913364,Levels,Level,WH_Project level,-1,-1,0,0,0,0,0,0,0,0,0,0,0,0,0,0,0,0,0,0,,,757.1358267716527
10913381,Levels,Level,WH_Project level,-1,-1,0,0,0,0,0,0,0,0,0,0,0,0,0,0,0,0,0,0,,,768.0446194225713
10913398,Levels,Level,WH_Project level,-1,-1,0,0,0,0,0,0,0,0,0,0,0,0,0,0,0,0,0,0,,,784.4488188976369
12054215,Levels,Level,WH_Project level,-1,-1,0,0,0,0,0,0,0,0,0,0,0,0,0,0,0,0,0,0,,,807.4146981627296
12054279,Levels,Level,WH_Project level,-1,-1,0,0,0,0,0,0,0,0,0,0,0,0,0,0,0,0,0,0,,,830.0524934383194
12290956,Structural Framing,S_BEAM_PPVC,200(W)x295(D),-1,-1,10.827068561462665,-55.920697353053875,449.6391076115486,20.013420267499416,-55.2645293740512,450.60695538057746,15.42024441448104,-55.59261336355254,450.12303149606305,9.186351706035975,0,0,0,0,0,0,0,0,,,0
12292771,Generic Models,WH_Shearkey Recess_Face Based,30(W)x200(L) Recess,-1,-1,20.21027066119973,-77.50892407176705,449.6227034120734,20.308695858050246,-76.85275609276432,460.4822834645669,20.259483259624986,-77.18084008226569,455.05249343832014,0,0,0,0,0,0,0,0,0,,,0
12292870,Generic Models,WH_Shearkey Recess_Face Based,30(W)x200(L) Recess,-1,-1,20.210270661199715,-75.37637814000853,449.6227034120734,20.308695858050232,-74.7202101610058,460.4822834645669,20.25948325962497,-75.04829415050716,455.05249343832014,0,0,0,0,0,0,0,0,0,,,0
12292886,Generic Models,WH_Shearkey Recess_Face Based,30(W)x200(L) Recess,-1,-1,20.210270661199733,-73.24383220825,449.6227034120734,20.30869585805025,-72.58766422924727,460.4822834645669,20.259483259624993,-72.91574821874863,455.05249343832014,0,0,0,0,0,0,0,0,0,,,0
12292896,Generic Models,WH_Shearkey Recess_Face Based,30(W)x200(L) Recess,-1,-1,20.21027066119972,-71.11128627649147,449.6227034120734,20.308695858050235,-70.45511829748874,460.4822834645669,20.25948325962498,-70.7832022869901,455.05249343832014,0,0,0,0,0,0,0,0,0,,,0
12293121,Generic Models,WH_Shearkey Recess_Face Based,30(W)x200(L) Recess,-1,12288422,20.210270661199708,-66.40202534682047,449.6227034120734,20.308695858050225,-65.74585736781773,460.4822834645669,20.259483259624965,-66.0739413573191,455.05249343832014,0,0,0,0,0,0,0,0,0,,,0
12293249,Generic Models,WH_Shearkey Recess_Face Based,30(W)x200(L) Recess,-1,12288422,20.21027066119971,-63.85937442818528,449.6227034120734,20.30869585805023,-63.20320644918255,460.4822834645669,20.25948325962497,-63.53129043868392,455.05249343832014,0,0,0,0,0,0,0,0,0,,,0
12293260,Generic Models,WH_Shearkey Recess_Face Based,30(W)x200(L) Recess,-1,12288422,20.210270661199694,-61.31672350955011,449.6227034120734,20.30869585805021,-60.66055553054738,460.4822834645669,20.25948325962495,-60.98863952004874,455.05249343832014,0,0,0,0,0,0,0,0,0,,,0
12293270,Generic Models,WH_Shearkey Recess_Face Based,30(W)x200(L) Recess,-1,12288422,20.210270661199722,-58.77407259091494,449.6227034120734,20.30869585805024,-58.11790461191221,460.4822834645669,20.25948325962498,-58.445988601413575,455.05249343832014,0,0,0,0,0,0,0,0,0,,,0
12293280,Generic Models,WH_Shearkey Recess_Face Based,30(W)x200(L) Recess,-1,12288422,20.21027066119972,-56.231421672279765,449.6227034120734,20.308695858050235,-55.575253693277034,460.4822834645669,20.25948325962498,-55.9033376827784,455.05249343832014,0,0,0,0,0,0,0,0,0,,,0
12294083,Generic Models,WH_Shearkey Recess_Face Based,30(W)x200(L) Recess,-1,8741280,20.210270661199743,-75.37637814000855,449.6391076115486,20.30869585805015,-74.72021016100582,450.6233595800525,20.259483259624947,-75.04829415050719,450.13123359580055,0,0,0,0,0,0,0,0,0,,,0
12294237,Generic Models,WH_Shearkey Recess_Face Based,30(W)x200(L) Recess,-1,8741280,20.210270661199743,-73.24383220825003,449.6391076115486,20.30869585805015,-72.5876642292473,450.6233595800525,20.259483259624947,-72.91574821874866,450.13123359580055,0,0,0,0,0,0,0,0,0,,,0
12294280,Generic Models,WH_Shearkey Recess_Face Based,30(W)x200(L) Recess,-1,8741280,20.210270661199743,-71.1112862764915,449.6391076115486,20.30869585805015,-70.45511829748877,450.6233595800525,20.259483259624947,-70.78320228699013,450.13123359580055,0,0,0,0,0,0,0,0,0,,,0
12294303,Generic Models,WH_Shearkey Recess_Face Based,30(W)x200(L) Recess,-1,8741280,20.210270661199743,-77.50892407176708,449.6391076115486,20.30869585805015,-76.85275609276435,450.6233595800525,20.259483259624947,-77.18084008226572,450.13123359580055,0,0,0,0,0,0,0,0,0,,,0
12294337,Generic Models,WH_Shearkey Recess_Face Based,30(W)x200(L) Recess,-1,8741280,20.21027066119973,-63.85937442818534,449.6391076115486,20.308695858050136,-63.20320644918261,450.6233595800525,20.259483259624933,-63.531290438683975,450.13123359580055,0,0,0,0,0,0,0,0,0,,,0
12294428,Generic Models,WH_Shearkey Recess_Face Based,30(W)x200(L) Recess,-1,8741280,20.210270661199736,-66.4020253468205,449.6391076115486,20.308695858050143,-65.74585736781776,450.6233595800525,20.25948325962494,-66.07394135731913,450.13123359580055,0,0,0,0,0,0,0,0,0,,,0
12294460,Generic Models,WH_Shearkey Recess_Face Based,30(W)x200(L) Recess,-1,8741280,20.21027066119973,-61.316723509550144,449.6391076115486,20.308695858050136,-60.66055553054741,450.6233595800525,20.259483259624933,-60.98863952004878,450.13123359580055,0,0,0,0,0,0,0,0,0,,,0
12294471,Generic Models,WH_Shearkey Recess_Face Based,30(W)x200(L) Recess,-1,8741280,20.21027066119973,-58.774072590914976,449.6391076115486,20.308695858050136,-58.117904611912245,450.6233595800525,20.259483259624933,-58.44598860141361,450.13123359580055,0,0,0,0,0,0,0,0,0,,,0
12294479,Generic Models,WH_Shearkey Recess_Face Based,30(W)x200(L) Recess,-1,8741280,20.21027066119973,-56.2314216722798,449.6391076115486,20.308695858050136,-55.57525369327707,450.6233595800525,20.259483259624933,-55.903337682778435,450.13123359580055,0,0,0,0,0,0,0,0,0,,,0
12295089,Walls,Basic Wall,S(90)=90RC_NLBW_PPVC,-1,-1,20.013420267498873,-70.25819614435463,450.60695538057746,20.308695858050058,-66.64927225984005,460.2362204724409,20.161058062774465,-68.45373420209734,455.4215879265092,3.608923884514587,9.62926509186343,0.2952755905511811,0,0,0,0,1,0,,,0
12295895,Structural Framing,S_BEAM_PPVC,250(W)x300(D),-1,-1,10.827068561462664,-56.08489606085667,459.49803149606294,20.013420267499416,-55.26468608710334,460.4822834645669,15.42024441448104,-55.67479107398,459.9901574803149,9.186351706035978,0,0,0,0,0,0,0,0,,,0
12312528,Floors,Floor,S(160)=160RC_PPVC Slab Over,2446354,-1,17.27383164940682,-73.53903603936774,449.8031496062992,19.652527879047682,-72.58736401880542,450.3280839895013,18.46317976422725,-73.06320002908657,450.06561679790025,0,0,0,2.0699882596656742,0,0,0,0,0,,,0
12333903,Floors,Floor,S(195)=195RC_PPVC,2446354,-1,11.516044939415742,-72.58736401880542,449.8031496062992,16.978643085245444,-69.68382071263387,450.4429133858268,14.247344012330593,-71.13559236571965,450.123031496063,0,0,0,15.860890280628908,0,0,0,0,0,,,0
12344005,Generic Models,WH_Door_Opening,1040 x2425,-1,12295089,20.013420267498876,-70.0613457506537,450.60695538057746,20.308695858050054,-66.64927225984,458.5629921259843,20.161058062774465,-68.35530900524685,454.5849737532809,0,0,0,0,0,0,0,0,0,,,0
12354815,Structural Framing,S_BEAM_PPVC_Top Recess (L),300(W)x245/295(D),-1,-1,10.531792970911805,-77.18076832283228,449.6391076115486,11.516044939415742,-55.59261336355253,450.60695538057746,11.023918955163774,-66.38669084319241,450.12303149606305,21.588154959279755,0,0,0,0,0,0,0,0,,,0
12362151,Generic Models,WH_Shearkey Recess_Face Based,30(W)x200(L) Recess,-1,12362149,20.21027066120027,-77.50892407176707,449.6227034120734,20.308695858050786,-76.85275609276434,460.4822834645669,20.259483259625526,-77.1808400822657,455.05249343832014,0,0,0,0,0,0,0,0,0,,,0
12362153,Generic Models,WH_Shearkey Recess_Face Based,30(W)x200(L) Recess,-1,12362149,20.210270661200248,-75.37637814000854,449.6227034120734,20.308695858050765,-74.72021016100581,460.4822834645669,20.259483259625505,-75.04829415050718,455.05249343832014,0,0,0,0,0,0,0,0,0,,,0
12362154,Generic Models,WH_Shearkey Recess_Face Based,30(W)x200(L) Recess,-1,12362149,20.210270661200273,-73.24383220825001,449.6227034120734,20.30869585805079,-72.58766422924728,460.4822834645669,20.259483259625533,-72.91574821874865,455.05249343832014,0,0,0,0,0,0,0,0,0,,,0
12362155,Generic Models,WH_Shearkey Recess_Face Based,30(W)x200(L) Recess,-1,12362149,20.21027066120025,-71.11128627649148,449.6227034120734,20.30869585805077,-70.45511829748875,460.4822834645669,20.25948325962551,-70.78320228699012,455.05249343832014,0,0,0,0,0,0,0,0,0,,,0
12385760,Floors,Floor,S(245)=245RC_PPVC,2446354,-1,16.97864308524546,-72.58736401880542,449.80314960629926,20.01342026749902,-70.42216640206406,450.60695538057746,18.49603167637224,-71.50476521043474,450.20505249343836,0,0,0,6.570892322356444,0,0,0,0,0,,,0
12388872,Generic Models,AC Ledge Slope,AC Ledge Slope,-1,-1,10.334942577210866,-81.11860849449918,450.04921259842513,17.880874335740383,-77.83686455591754,450.0984251968504,14.107908456475624,-79.47773652520837,450.0738188976378,0,0,0,0,0,0,0,0,0,,,0
12402799,Generic Models,WH_Wall Opening _REC,200(L)x250(H),-1,12295089,20.013420267498873,-70.2253877454045,459.7440944881889,20.308695858050058,-68.09284181364598,460.2362204724409,20.161058062774465,-69.15911477952524,459.9901574803149,0,0,0,0,0,0,0,0,0,,,0
12412196,Walls,Basic Wall,S(110)=110RC_PPVC RC Wall,-1,-1,11.614470136265927,-77.83693630183485,453.98622047244095,14.501609243877478,-77.47604391338339,458.6778215223096,13.058039690071702,-77.65649010760913,456.33202099737525,2.8871391076115493,4.691601049868666,0.36089238845144356,0,0,0,-1,4.9221233149926926E-15,0,,,0
12412710,Generic Models,WH_Door_Opening,860 x1390,-1,12412196,11.647278535216074,-77.83693630183487,454.06824146981626,14.468800844927365,-77.4760439133834,458.62860892388454,13.05803969007172,-77.65649010760913,456.34842519685037,0,0,0,0,0,0,0,0,0,,,0
12416306,Generic Models,WH_Wall Opening _REC,200(L)x250(H),-1,12295089,20.013420267498873,-69.76607016010267,458.87467191601047,20.308695858050058,-69.2739441758507,459.36679790026244,20.161058062774465,-69.52000716797669,459.12073490813646,0,0,0,0,0,0,0,0,0,,,0
12429183,Generic Models,Omega Hook @ PPVC Roof Slab,Omega Hook @ PPVC Roof Slab,-1,-1,14.846097432853204,-62.29231687926271,460.4166666666667,15.994391396107803,-61.81003341469577,460.77263737806675,15.420244414480504,-62.05117514697924,460.59465202236674,0,0,0,0,0,0,0,0,0,,,0
12429290,Generic Models,Omega Hook @ PPVC Roof Slab,Omega Hook @ PPVC Roof Slab,-1,-1,14.846097432853199,-71.74113577690049,460.4166666666667,15.994391396107797,-71.25885231233357,460.77263737806675,15.420244414480498,-71.49999404461704,460.59465202236674,0,0,0,0,0,0,0,0,0,,,0
