annotation_id,view_name,view_type,category,annotation_type,value,x,y,extra,target_element_ids
1,Elevation A,Elevation,Dimensions,WH_Arial_2.5mm_Transparent,,0,0,WH_Arial_2.5mm_Transparent,2446422|8738546|8738411
2,Elevation A,Elevation,Dimensions,WH_Arial_2.5mm_Transparent,,0,0,WH_Arial_2.5mm_Transparent,2446422|2446354|12288845
3,Elevation A,Elevation,Dimensions,WH_Arial_2.5mm_Transparent,,0,0,WH_Arial_2.5mm_Transparent,8738546|12293678|8737642|12288845
4,Elevation A,Elevation,Dimensions,WH_Arial_2.5mm_Transparent,,0,0,WH_Arial_2.5mm_Transparent,12290550|12299839|12299432|12290550
5,Elevation A,Elevation,Dimensions,WH_Arial_2.5mm_Transparent,,0,0,WH_Arial_2.5mm_Transparent,8738546|12288845|12290550|12290550
6,Elevation A,Elevation,Dimensions,WH_Arial_2.5mm_Transparent,,0,0,WH_Arial_2.5mm_Transparent,12290550|12290073|12288845
7,Elevation A,Elevation,Dimensions,WH_Arial_2.5mm_Transparent,3590.00,0,0,WH_Arial_2.5mm_Transparent,12288845|12290550
8,Elevation A,Elevation,Dimensions,WH_Arial_2.5mm_Transparent,,0,0,WH_Arial_2.5mm_Transparent,12288845|8738411|12300844|12297699|12290550
9,Elevation A,Elevation,Dimensions,WH_Arial_2.5mm_Transparent,,0,0,WH_Arial_2.5mm_Transparent,2446354|8737642|12299461
10,Elevation C,Elevation,Dimensions,WH_Arial_2.5mm_Transparent,,0,0,WH_Arial_2.5mm_Transparent,2446422|2446354|12290550
11,Elevation C,Elevation,Dimensions,WH_Arial_2.5mm_Transparent,,0,0,WH_Arial_2.5mm_Transparent,12290550|12290550|2446422
12,Elevation C,Elevation,Dimensions,WH_Arial_2.5mm_Transparent,,0,0,WH_Arial_2.5mm_Transparent,12290550|12302319|12301492|12290550
13,Elevation C,Elevation,Dimensions,WH_Arial_2.5mm_Transparent,,0,0,WH_Arial_2.5mm_Transparent,12290550|12302112|12301580|12290550
14,Elevation C,Elevation,Dimensions,WH_Arial_2.5mm_Transparent,,0,0,WH_Arial_2.5mm_Transparent,12290550|12302319|12302045|12290550
15,Elevation C,Elevation,Dimensions,WH_Arial_2.5mm_Transparent,2890.00,0,0,WH_Arial_2.5mm_Transparent,12290550|12290550
16,Elevation C,Elevation,Dimensions,WH_Arial_2.5mm_Transparent,,0,0,WH_Arial_2.5mm_Transparent,12290550|12301492|12301492|12301580|12290550
17,Elevation C,Elevation,Dimensions,WH_Arial_2.5mm_Transparent,,0,0,WH_Arial_2.5mm_Transparent,2446354|12301858|12301721
18,Elevation B,Elevation,Dimensions,WH_Arial_2.5mm_Transparent,,0,0,WH_Arial_2.5mm_Transparent,12290550|2446354|2446422
19,Elevation B,Elevation,Dimensions,WH_Arial_2.5mm_Transparent,,0,0,WH_Arial_2.5mm_Transparent,12290550|12290550|2446422
20,Elevation B,Elevation,Dimensions,WH_Arial_2.5mm_Transparent,,0,0,WH_Arial_2.5mm_Transparent,12290550|12303150|2446354|8738546|12290391
21,Elevation B,Elevation,Dimensions,WH_Arial_2.5mm_Transparent,,0,0,WH_Arial_2.5mm_Transparent,12288845|8738409|12293919|8738546
22,Elevation B,Elevation,Dimensions,WH_Arial_2.5mm_Transparent,,0,0,WH_Arial_2.5mm_Transparent,12288845|12316927|12290391|12290550
23,Elevation B,Elevation,Dimensions,WH_Arial_2.5mm_Transparent,,0,0,WH_Arial_2.5mm_Transparent,12290550|12290550|12288845|12288845
24,Elevation B,Elevation,Dimensions,WH_Arial_2.5mm_Transparent,3590.00,0,0,WH_Arial_2.5mm_Transparent,12290550|12288845
25,Elevation B,Elevation,Dimensions,WH_Arial_2.5mm_Transparent,,0,0,WH_Arial_2.5mm_Transparent,8737642|8737642|2446354
26,Elevation B,Elevation,Dimensions,WH_Arial_2.5mm_Transparent,,0,0,WH_Arial_2.5mm_Transparent,12290550|12303150|12304403|12288845|12288845
27,Elevation D,Elevation,Dimensions,WH_Arial_2.5mm_Transparent,,0,0,WH_Arial_2.5mm_Transparent,2446422|2446354|12288845
28,Elevation D,Elevation,Dimensions,WH_Arial_2.5mm_Transparent,,0,0,WH_Arial_2.5mm_Transparent,12288845|12288845|2446422
29,Elevation D,Elevation,Dimensions,WH_Arial_2.5mm_Transparent,,0,0,WH_Arial_2.5mm_Transparent,12288845|12306849|8738546|12288845
30,Elevation D,Elevation,Dimensions,WH_Arial_2.5mm_Transparent,,0,0,WH_Arial_2.5mm_Transparent,12307050|12293678|12306387|8738411
31,Elevation D,Elevation,Dimensions,WH_Arial_2.5mm_Transparent,,0,0,WH_Arial_2.5mm_Transparent,12300480|12288845|12300480
32,Elevation D,Elevation,Dimensions,WH_Arial_2.5mm_Transparent,,0,0,WH_Arial_2.5mm_Transparent,12288845|12300480|12300480|8738411|12290073
33,Elevation D,Elevation,Dimensions,WH_Arial_2.5mm_Transparent,,0,0,WH_Arial_2.5mm_Transparent,2446354|8737642|12300480
34,Elevation D,Elevation,Dimensions,WH_Arial_2.5mm_Transparent,,0,0,WH_Arial_2.5mm_Transparent,12288845|12290391|12307050|12307050|12290073
35,Elevation D,Elevation,Dimensions,WH_Arial_2.5mm_Transparent,2890.00,0,0,WH_Arial_2.5mm_Transparent,12288845|12290073
36,Elevation D,Elevation,Dimensions,WH_Arial_2.5mm_Transparent,,0,0,WH_Arial_2.5mm_Transparent,12290391|12288845|12307050
37,Elevation A,Elevation,Dimensions,Linear Dimension Style,73.86,0,0,Linear Dimension Style,12315760|12315761
38,Elevation A,Elevation,Dimensions,Linear Dimension Style,73.86,0,0,Linear Dimension Style,12315759|12315760
39,Elevation A,Elevation,Dimensions,Linear Dimension Style,127.94,0,0,Linear Dimension Style,12315759|12315760
40,Elevation A,Elevation,Dimensions,Linear Dimension Style,73.86,0,0,Linear Dimension Style,12315807|12315808
41,Elevation A,Elevation,Dimensions,Linear Dimension Style,73.86,0,0,Linear Dimension Style,12315806|12315807
42,Elevation A,Elevation,Dimensions,Linear Dimension Style,127.94,0,0,Linear Dimension Style,12315806|12315807
43,Elevation B,Elevation,Dimensions,WH_Arial_2.5mm_Transparent,250.00,0,0,WH_Arial_2.5mm_Transparent,12317941|12317941
44,Elevation C,Elevation,Dimensions,WH_Arial_2.5mm_Transparent,250.00,0,0,WH_Arial_2.5mm_Transparent,12302319|12302319
45,Elevation A,Elevation,Dimensions,WH_Arial_2.5mm_Transparent,250.00,0,0,WH_Arial_2.5mm_Transparent,12318929|12293678
46,Elevation A,Elevation,Dimensions,WH_Arial_2.5mm_Transparent,,0,0,Alignment,12321588|12293678
47,Elevation A,Elevation,Dimensions,WH_Arial_2.5mm_Transparent,,0,0,Alignment,12321588|12293678
48,Elevation A,Elevation,Dimensions,WH_Arial_2.5mm_Transparent,,0,0,Alignment,12318929|12293678
49,Elevation A,Elevation,Dimensions,WH_Arial_2.5mm_Transparent,,0,0,Alignment,12300844|8738411
50,Elevation A,Elevation,Dimensions,WH_Arial_2.5mm_Transparent,,0,0,Alignment,12300844|8738411
51,Elevation A,Elevation,Dimensions,WH_Arial_2.5mm_Transparent,,0,0,Alignment,12297699|12299432
52,Elevation A,Elevation,Dimensions,WH_Arial_2.5mm_Transparent,,0,0,Alignment,12297699|12290550
53,Elevation A,Elevation,Dimensions,WH_Arial_2.5mm_Transparent,,0,0,Alignment,12297699|12290073
54,Elevation C,Elevation,Dimensions,WH_Arial_2.5mm_Transparent,,0,0,Alignment,12301721|12300506
55,Elevation C,Elevation,Dimensions,WH_Arial_2.5mm_Transparent,,0,0,Alignment,12301858|8741282
56,Elevation C,Elevation,Dimensions,WH_Arial_2.5mm_Transparent,,0,0,Alignment,12301492|8738411
57,Elevation C,Elevation,Dimensions,WH_Arial_2.5mm_Transparent,,0,0,Alignment,12301492|8738411
58,Elevation C,Elevation,Dimensions,WH_Arial_2.5mm_Transparent,,0,0,Alignment,12301492|8738411
59,Elevation C,Elevation,Dimensions,WH_Arial_2.5mm_Transparent,,0,0,Alignment,12301492|8738411
60,Elevation C,Elevation,Dimensions,WH_Arial_2.5mm_Transparent,,0,0,Alignment,12301580|8738407
61,Elevation C,Elevation,Dimensions,WH_Arial_2.5mm_Transparent,,0,0,Alignment,12301580|12290550
62,Elevation C,Elevation,Dimensions,WH_Arial_2.5mm_Transparent,,0,0,Alignment,12301580|12300506
63,Elevation C,Elevation,Dimensions,WH_Arial_2.5mm_Transparent,,0,0,Alignment,12302143|12290073
64,Elevation C,Elevation,Dimensions,WH_Arial_2.5mm_Transparent,,0,0,Alignment,12302112|8738546
65,Elevation C,Elevation,Dimensions,WH_Arial_2.5mm_Transparent,,0,0,Alignment,12302045|12290391
66,Elevation C,Elevation,Dimensions,WH_Arial_2.5mm_Transparent,,0,0,Alignment,12302319|12293678
67,Elevation C,Elevation,Dimensions,WH_Arial_2.5mm_Transparent,,0,0,Alignment,12302319|12293678
68,Elevation B,Elevation,Dimensions,WH_Arial_2.5mm_Transparent,,0,0,Alignment,12305501|12300480
69,Elevation B,Elevation,Dimensions,WH_Arial_2.5mm_Transparent,,0,0,Alignment,12304767|12300506
70,Elevation B,Elevation,Dimensions,WH_Arial_2.5mm_Transparent,,0,0,Alignment,12303150|12290550
71,Elevation B,Elevation,Dimensions,WH_Arial_2.5mm_Transparent,,0,0,Alignment,8738407|12303150
72,Elevation B,Elevation,Dimensions,WH_Arial_2.5mm_Transparent,,0,0,Alignment,8741282|12303150
73,Elevation B,Elevation,Dimensions,WH_Arial_2.5mm_Transparent,,0,0,Alignment,12304403|8738409
74,Elevation B,Elevation,Dimensions,WH_Arial_2.5mm_Transparent,,0,0,Alignment,12304403|8738407
75,Elevation B,Elevation,Dimensions,WH_Arial_2.5mm_Transparent,,0,0,Alignment,12304403|8738407
76,Elevation B,Elevation,Dimensions,WH_Arial_2.5mm_Transparent,,0,0,Alignment,12318494|12316927
77,Elevation B,Elevation,Dimensions,WH_Arial_2.5mm_Transparent,,0,0,Alignment,12316927|12318345
78,Elevation B,Elevation,Dimensions,WH_Arial_2.5mm_Transparent,,0,0,Alignment,12290391|12303873
79,Elevation B,Elevation,Dimensions,WH_Arial_2.5mm_Transparent,,0,0,Alignment,12317941|12293678
80,Elevation B,Elevation,Dimensions,WH_Arial_2.5mm_Transparent,,0,0,Alignment,12317941|12293919
81,Elevation B,Elevation,Dimensions,WH_Arial_2.5mm_Transparent,,0,0,Alignment,12317941|12293678
82,Elevation B,Elevation,Dimensions,WH_Arial_2.5mm_Transparent,,0,0,Alignment,12317941|8738546
83,Elevation D,Elevation,Dimensions,WH_Arial_2.5mm_Transparent,,0,0,Alignment,12306078|12316927
84,Elevation D,Elevation,Dimensions,WH_Arial_2.5mm_Transparent,,0,0,Alignment,12293919|12318554
85,Elevation D,Elevation,Dimensions,WH_Arial_2.5mm_Transparent,,0,0,Alignment,12307050|12293678
86,Elevation D,Elevation,Dimensions,WH_Arial_2.5mm_Transparent,,0,0,Alignment,12307050|12293678
87,Elevation D,Elevation,Dimensions,WH_Arial_2.5mm_Transparent,,0,0,Alignment,12306387|8738409
88,Elevation D,Elevation,Dimensions,WH_Arial_2.5mm_Transparent,,0,0,Alignment,12306387|8738411
89,Elevation D,Elevation,Dimensions,WH_Arial_2.5mm_Transparent,,0,0,Alignment,12306387|8738411
90,Elevation D,Elevation,Dimensions,WH_Arial_2.5mm_Transparent,,0,0,Alignment,12306387|8738411
91,Elevation D,Elevation,Dimensions,WH_Arial_2.5mm_Transparent,,0,0,Alignment,12306849|12288845
92,Elevation D,Elevation,Dimensions,WH_Arial_2.5mm_Transparent,,0,0,Alignment,12306849|12300480
93,Elevation D,Elevation,Dimensions,WH_Arial_2.5mm_Transparent,,0,0,Alignment,12306849|12316927
94,Elevation D,Elevation,Dimensions,WH_Arial_2.5mm_Transparent,,0,0,Alignment,8738409|12306849
95,Elevation D,Elevation,Dimensions,WH_Arial_2.5mm_Transparent,,0,0,Alignment,12306235|12316927
96,Elevation D,Elevation,Dimensions,WH_Arial_2.5mm_Transparent,,0,0,Alignment,12306373|12300480
97,Elevation D,Elevation,Dimensions,WH_Arial_2.5mm_Transparent,,0,0,Alignment,12306342|8738409
98,Elevation A,Elevation,Dimensions,WH_Arial_2.5mm_Transparent,,0,0,Alignment,12318929|12293919
99,Elevation C,Elevation,Dimensions,Linear Dimension Style,73.86,0,0,Linear Dimension Style,12331525|12331526
100,Elevation C,Elevation,Dimensions,Linear Dimension Style,73.86,0,0,Linear Dimension Style,12331524|12331525
101,Elevation C,Elevation,Dimensions,Linear Dimension Style,127.94,0,0,Linear Dimension Style,12331524|12331525
102,Elevation C,Elevation,Dimensions,Linear Dimension Style,73.86,0,0,Linear Dimension Style,12331536|12331537
103,Elevation C,Elevation,Dimensions,Linear Dimension Style,73.86,0,0,Linear Dimension Style,12331535|12331536
104,Elevation C,Elevation,Dimensions,Linear Dimension Style,127.94,0,0,Linear Dimension Style,12331535|12331536
105,Elevation D,Elevation,Dimensions,Linear Dimension Style,73.86,0,0,Linear Dimension Style,12331726|12331727
106,Elevation D,Elevation,Dimensions,Linear Dimension Style,73.86,0,0,Linear Dimension Style,12331725|12331726
107,Elevation D,Elevation,Dimensions,Linear Dimension Style,127.94,0,0,Linear Dimension Style,12331725|12331726
108,Elevation D,Elevation,Dimensions,Linear Dimension Style,73.86,0,0,Linear Dimension Style,12331737|12331738
109,Elevation D,Elevation,Dimensions,Linear Dimension Style,73.86,0,0,Linear Dimension Style,12331736|12331737
110,Elevation D,Elevation,Dimensions,Linear Dimension Style,127.94,0,0,Linear Dimension Style,12331736|12331737
111,Elevation B,Elevation,Dimensions,Linear Dimension Style,73.86,0,0,Linear Dimension Style,12331760|12331761
112,Elevation B,Elevation,Dimensions,Linear Dimension Style,73.86,0,0,Linear Dimension Style,12331759|12331760
113,Elevation B,Elevation,Dimensions,Linear Dimension Style,127.94,0,0,Linear Dimension Style,12331759|12331760
114,Elevation B,Elevation,Dimensions,Linear Dimension Style,73.86,0,0,Linear Dimension Style,12331771|12331772
115,Elevation B,Elevation,Dimensions,Linear Dimension Style,73.86,0,0,Linear Dimension Style,12331770|12331771
116,Elevation B,Elevation,Dimensions,Linear Dimension Style,127.94,0,0,Linear Dimension Style,12331770|12331771
117,Elevation C,Elevation,Dimensions,WH_Arial_2.5mm_Transparent,,0,0,Alignment,12302319|12293678
118,Elevation C,Elevation,Dimensions,WH_Arial_2.5mm_Transparent,,0,0,Alignment,12302319|12293678
119,Elevation A,Elevation,Dimensions,WH_Arial_2.5mm_Transparent,,0,0,Alignment,12300991|12300506
120,Elevation A,Elevation,Dimensions,WH_Arial_2.5mm_Transparent,,0,0,Alignment,12300937|12300480
121,Elevation A,Elevation,Dimensions,WH_Arial_2.5mm_Transparent,,0,0,Alignment,12300937|12300480
122,Elevation A,Elevation,Dimensions,WH_Arial_2.5mm_Transparent,,0,0,Alignment,12300844|8738409
123,Elevation A,Elevation,Dimensions,WH_Arial_2.5mm_Transparent,,0,0,Alignment,12297699|8741282
124,Elevation A,Elevation,Dimensions,Linear Dimension Style,400.00,0,0,Linear Dimension Style,12349985|12349986
125,Elevation A,Elevation,Dimensions,Linear Dimension Style,1840.00,0,0,Linear Dimension Style,12349985|12349985
126,Elevation A,Elevation,Dimensions,Linear Dimension Style,960.00,0,0,Linear Dimension Style,12350011|12350012
127,Elevation A,Elevation,Dimensions,Linear Dimension Style,3744.65,0,0,Linear Dimension Style,12350010|12350016
128,Elevation A,Elevation,Dimensions,Linear Dimension Style,900.00,0,0,Linear Dimension Style,12350016|12350016
129,Elevation A,Elevation,Dimensions,Linear Dimension Style,37.49,0,0,Linear Dimension Style,12350017|12350011
130,Elevation A,Elevation,Dimensions,Linear Dimension Style,500.00,0,0,Linear Dimension Style,12350018|12350016
131,Elevation A,Elevation,Dimensions,Linear Dimension Style,480.00,0,0,Linear Dimension Style,12350011|12350011
132,Elevation A,Elevation,Dimensions,WH_Arial_2.5mm_Transparent,,0,0,Alignment,12299461|8737642
133,Elevation A,Elevation,Dimensions,WH_Arial_2.5mm_Transparent,,0,0,Alignment,12321588|12293678
134,Elevation B,Elevation,Dimensions,Linear Dimension Style,420.00,0,0,Linear Dimension Style,12350305|12350306
135,Elevation B,Elevation,Dimensions,Linear Dimension Style,1840.00,0,0,Linear Dimension Style,12350305|12350305
136,Elevation B,Elevation,Dimensions,WH_Arial_2.5mm_Transparent,,0,0,Alignment,12304403|8738409
137,Elevation B,Elevation,Dimensions,WH_Arial_2.5mm_Transparent,,0,0,Alignment,12303150|8741282
138,Elevation B,Elevation,Dimensions,WH_Arial_2.5mm_Transparent,,0,0,Alignment,12317643|12316927
139,Elevation B,Elevation,Dimensions,WH_Arial_2.5mm_Transparent,,0,0,Alignment,12303503|8738407
140,Elevation B,Elevation,Dimensions,Linear Dimension Style,1000.00,0,0,Linear Dimension Style,12350665|12350666
141,Elevation B,Elevation,Dimensions,Linear Dimension Style,1260.62,0,0,Linear Dimension Style,12350666|12350672
142,Elevation B,Elevation,Dimensions,Linear Dimension Style,940.00,0,0,Linear Dimension Style,12350671|12350672
143,Elevation B,Elevation,Dimensions,Linear Dimension Style,1593.40,0,0,Linear Dimension Style,12350672|12350678
144,Elevation B,Elevation,Dimensions,Linear Dimension Style,980.00,0,0,Linear Dimension Style,12350677|12350678
145,Elevation B,Elevation,Dimensions,Linear Dimension Style,42.11,0,0,Linear Dimension Style,12350666|12350678
146,Elevation B,Elevation,Dimensions,Linear Dimension Style,15.53,0,0,Linear Dimension Style,12350677|12350673
147,Elevation B,Elevation,Dimensions,Linear Dimension Style,460.00,0,0,Linear Dimension Style,12350666|12350667
148,Elevation B,Elevation,Dimensions,Linear Dimension Style,440.00,0,0,Linear Dimension Style,12350678|12350676
149,Elevation B,Elevation,Dimensions,Linear Dimension Style,440.00,0,0,Linear Dimension Style,12350672|12350670
150,Elevation B,Elevation,Dimensions,Linear Dimension Style,1780.00,0,0,Linear Dimension Style,12350726|12350727
151,Elevation B,Elevation,Dimensions,Linear Dimension Style,260.00,0,0,Linear Dimension Style,12350726|12350726
152,Elevation B,Elevation,Dimensions,WH_Arial_2.5mm_Transparent,,0,0,Alignment,12303503|8738407
153,Elevation D,Elevation,Dimensions,Linear Dimension Style,400.00,0,0,Linear Dimension Style,12350967|12350968
154,Elevation D,Elevation,Dimensions,Linear Dimension Style,1920.00,0,0,Linear Dimension Style,12350967|12350967
155,Elevation D,Elevation,Dimensions,WH_Arial_2.5mm_Transparent,,0,0,Alignment,12307050|12290073
156,Elevation D,Elevation,Dimensions,Linear Dimension Style,980.00,0,0,Linear Dimension Style,12351824|12351825
157,Elevation D,Elevation,Dimensions,Linear Dimension Style,1071.51,0,0,Linear Dimension Style,12351825|12351831
158,Elevation D,Elevation,Dimensions,Linear Dimension Style,1000.00,0,0,Linear Dimension Style,12351830|12351831
159,Elevation D,Elevation,Dimensions,Linear Dimension Style,1247.44,0,0,Linear Dimension Style,12351831|12351837
160,Elevation D,Elevation,Dimensions,Linear Dimension Style,1020.00,0,0,Linear Dimension Style,12351836|12351837
161,Elevation D,Elevation,Dimensions,Linear Dimension Style,6.48,0,0,Linear Dimension Style,12351836|12351825
162,Elevation D,Elevation,Dimensions,Linear Dimension Style,80.00,0,0,Linear Dimension Style,12351836|12351832
163,Elevation D,Elevation,Dimensions,Linear Dimension Style,460.00,0,0,Linear Dimension Style,12351825|12351826
164,Elevation D,Elevation,Dimensions,Linear Dimension Style,500.00,0,0,Linear Dimension Style,12351837|12351835
165,Elevation D,Elevation,Dimensions,Linear Dimension Style,420.00,0,0,Linear Dimension Style,12351830|12351829
166,Elevation D,Elevation,Dimensions,Linear Dimension Style,1840.00,0,0,Linear Dimension Style,12352938|12352939
167,Elevation D,Elevation,Dimensions,Linear Dimension Style,400.00,0,0,Linear Dimension Style,12352938|12352938
168,Elevation C,Elevation,Dimensions,Linear Dimension Style,1840.00,0,0,Linear Dimension Style,12352968|12352969
169,Elevation C,Elevation,Dimensions,Linear Dimension Style,440.00,0,0,Linear Dimension Style,12352968|12352968
170,Elevation B,Elevation,Dimensions,WH_Arial_2.5mm_Transparent,,0,0,Alignment,12316927|12304075
171,Elevation C,Elevation,Dimensions,WH_Arial_2.5mm_Transparent,,0,0,Alignment,12317878|12302319
172,Elevation C,Elevation,Dimensions,Linear Dimension Style,980.00,0,0,Linear Dimension Style,12357623|12357624
173,Elevation C,Elevation,Dimensions,Linear Dimension Style,540.00,0,0,Linear Dimension Style,12357623|12357623
174,Elevation A,Elevation,Dimensions,WH_Arial_2.5mm_Transparent,,0,0,Alignment,12318929|12299611
175,Elevation A,Elevation,Dimensions,Linear Dimension Style,920.00,0,0,Linear Dimension Style,12357729|12357730
176,Elevation A,Elevation,Dimensions,Linear Dimension Style,500.00,0,0,Linear Dimension Style,12357729|12357729
177,Elevation B,Elevation,Dimensions,Linear Dimension Style,900.00,0,0,Linear Dimension Style,12357745|12357746
178,Elevation B,Elevation,Dimensions,Linear Dimension Style,540.00,0,0,Linear Dimension Style,12357745|12357745
179,Elevation D,Elevation,Dimensions,Linear Dimension Style,1100.00,0,0,Linear Dimension Style,12357761|12357762
180,Elevation D,Elevation,Dimensions,Linear Dimension Style,600.00,0,0,Linear Dimension Style,12357761|12357761
181,Elevation A,Elevation,TextNotes,text_note,130mm THKRC SLAB,20.499160563544677,0,WH_Arial_2.0mm_Transparent,
182,Elevation C,Elevation,TextNotes,text_note,BEDROOM 3,-366.4958203398768,-83.66001668552074,WH_Arial_2.5mm_Bold_Transparent_Dark Purple_WF-1,
183,Elevation C,Elevation,TextNotes,text_note,75mm THK ROOF SLAB,0,-84.65244167873838,WH_Arial_2.0mm_Transparent,
184,Elevation B,Elevation,TextNotes,text_note,BEDROOM 3,22.449512561421354,-474.90546819109363,WH_Arial_2.5mm_Bold_Transparent_Dark Purple_WF-1,
185,Elevation B,Elevation,TextNotes,text_note,130mm THKRC SLAB,22.945649534513823,0,WH_Arial_2.0mm_Transparent,
186,Elevation D,Elevation,TextNotes,text_note,130mm THKRC SLAB,0,-81.06418742173645,WH_Arial_2.0mm_Transparent,
187,Elevation D,Elevation,TextNotes,text_note,BEDROOM 3,407.8129709518464,-82.78117406152313,WH_Arial_2.5mm_Bold_Transparent_Dark Purple_WF-1,
188,Elevation B,Elevation,TextNotes,text_note,75mm THKROOF SLAB,23.180067435770678,0,WH_Arial_2.0mm_Transparent,
189,Elevation A,Elevation,TextNotes,text_note,75mm THKROOF SLAB,20.236693371943645,0,WH_Arial_2.0mm_Transparent,
190,Elevation C,Elevation,TextNotes,text_note,130mm THKRC SLAB,0,-83.66001668552074,WH_Arial_2.0mm_Transparent,
191,Elevation D,Elevation,TextNotes,text_note,75mm THKROOF SLAB,0,-81.29384621438743,WH_Arial_2.0mm_Transparent,
192,Elevation A,Elevation,TextNotes,text_note,UNIT FFL,12.298003482010408,329.5511948321781,WH_Arial_3.0mm_Transparent,
193,Elevation A,Elevation,TextNotes,text_note,UNIT FFL,12.29800348201039,329.5511948321781,WH_Arial_3.0mm_Transparent,
194,Elevation C,Elevation,TextNotes,text_note,UNIT FFL,-388.9268001593162,-94.14247516901722,WH_Arial_3.0mm_Transparent,
195,Elevation C,Elevation,TextNotes,text_note,UNIT FFL,-388.9268001593162,-94.14247516901726,WH_Arial_3.0mm_Transparent,
196,Elevation D,Elevation,TextNotes,text_note,UNIT FFL,436.04950571744075,-73.77793241593591,WH_Arial_3.0mm_Transparent,
197,Elevation D,Elevation,TextNotes,text_note,UNIT FFL,436.04950571744075,-73.7779324159359,WH_Arial_3.0mm_Transparent,
198,Elevation B,Elevation,TextNotes,text_note,UNIT FFL,34.403505987433476,-497.33644801053293,WH_Arial_3.0mm_Transparent,
199,Elevation B,Elevation,TextNotes,text_note,UNIT FFL,34.403505987433505,-497.33644801053293,WH_Arial_3.0mm_Transparent,
200,Elevation A,Elevation,Tags,Structural Framing Tags,LINTEL BEAM250(W)x300(D),26.510712878766313,-88.20415509613835,With TOP,12293678
201,Elevation A,Elevation,Tags,Structural Framing Tags,TB1200(W)x295(D),23.72591894883122,-88.20415509613842,With TOP,8738411
202,Elevation A,Elevation,Tags,Structural Framing Tags,TB1A CANT.200(W)x295(D),15.87416491359868,-83.62738344259496,With TOP,8738409
203,Elevation A,Elevation,Tags,Structural Framing Tags,TB1200(W)x295(D),31.375944639715055,-84.11950942684666,With TOP,8741282
204,Elevation C,Elevation,Tags,Structural Framing Tags,LINTEL BEAM250(W)x300(D),23.95042814151544,-85.52659799951779,With TOP,12293678
205,Elevation C,Elevation,Tags,Structural Framing Tags,TB1200(W)x295(D),29.002910224002264,-85.6887990612861,With TOP,8741282
206,Elevation C,Elevation,Tags,Structural Framing Tags,TB1200(W)x295(D),24.098065936791087,-90.71365818045582,With TOP,8738411
207,Elevation C,Elevation,Tags,Structural Framing Tags,TB1200(W)x295(D),24.098068992803803,-77.94226931324367,With TOP,8738407
208,Elevation B,Elevation,Tags,Structural Framing Tags,TB1200(W)x295(D),31.742411536338235,-84.11950942684666,With TOP,8741282
209,Elevation B,Elevation,Tags,Structural Framing Tags,TB1200(W)x295(D),24.443375863747736,-80.034863757555,With TOP,8738407
210,Elevation B,Elevation,Tags,Structural Framing Tags,TB1A CANT.200(W)x295(D),16.06818713878979,-83.62738344259496,With TOP,8738409
211,Elevation D,Elevation,Tags,Structural Framing Tags,TB1A CANT.200(W)x295(D),19.19321029374648,-81.84894057664364,With TOP,8738409
212,Elevation D,Elevation,Tags,Structural Framing Tags,TB1200(W)x295(D),24.098068992803803,-76.52814066942895,With TOP,8738407
213,Elevation D,Elevation,Tags,Structural Framing Tags,TB1200(W)x295(D),24.098065936791087,-90.8276645553601,With TOP,8738411
214,Elevation D,Elevation,Tags,Structural Framing Tags,LINTEL BEAM250(W)x300(D),23.95042814151544,-90.23071355640799,With TOP,12293678
215,Elevation B,Elevation,Tags,Structural Framing Tags,LINTEL BEAM250(W)x300(D),16.401871490572812,-83.73401073918288,With TOP,12293919
216,Elevation A,Elevation,Tags,Structural Framing Tags,LINTEL BEAM250(W)x300(D),20.534754550897603,-83.73401073918288,With TOP,12293919
217,Elevation D,Elevation,Tags,Structural Framing Tags,LINTEL BEAM250(W)x300(D),19.357252288497026,-81.32301374895725,With TOP,12293919
218,Elevation A,Elevation,Tags,Revision Cloud Tags,A,15.816629885839806,-90.08953940848184,Revision 0 Tag-2.5mm,12349982
219,Elevation B,Elevation,Tags,Revision Cloud Tags,A,31.70174044556954,-77.69571376987297,Revision 0 Tag-2.5mm,12350302
220,Elevation B,Elevation,Tags,Revision Cloud Tags,A,13.578549799404446,-77.69571376987297,Revision 0 Tag-2.5mm,12350662
221,Elevation B,Elevation,Tags,Revision Cloud Tags,A,26.516189797109334,-77.69571376987297,Revision 0 Tag-2.5mm,12350662
222,Elevation B,Elevation,Tags,Revision Cloud Tags,A,33.87357021576612,-77.69571376987297,Revision 0 Tag-2.5mm,12350662
223,Elevation B,Elevation,Tags,Revision Cloud Tags,A,27.825647146555117,-77.69571376987297,Revision 0 Tag-2.5mm,12350723
224,Elevation D,Elevation,Tags,Revision Cloud Tags,A,16.408771476780846,-75.13462834502509,Revision 0 Tag-2.5mm,12350964
225,Elevation D,Elevation,Tags,Revision Cloud Tags,A,16.408771476780846,-74.4641205721675,Revision 0 Tag-2.5mm,12351821
226,Elevation D,Elevation,Tags,Revision Cloud Tags,A,16.408771476780846,-81.24124030531232,Revision 0 Tag-2.5mm,12351821
227,Elevation D,Elevation,Tags,Revision Cloud Tags,A,16.408771476780846,-93.26821544708795,Revision 0 Tag-2.5mm,12351821
228,Elevation D,Elevation,Tags,Revision Cloud Tags,A,16.408771476780846,-87.8142949143751,Revision 0 Tag-2.5mm,12352935
229,Elevation C,Elevation,Tags,Revision Cloud Tags,A,30.713934081343858,-80.33937116104211,Revision 0 Tag-2.5mm,12352965
230,Elevation C,Elevation,Tags,Revision Cloud Tags,A2,30.713934081343858,-83.1411839090509,Revision 0 Tag-2.5mm,12357620
231,Elevation A,Elevation,Tags,Revision Cloud Tags,A2,21.00959881727157,-90.08953940848184,Revision 0 Tag-2.5mm,12357725
232,Elevation B,Elevation,Tags,Revision Cloud Tags,A2,16.60108252242854,-77.69571376987297,Revision 0 Tag-2.5mm,12357742
233,Elevation D,Elevation,Tags,Revision Cloud Tags,A2,16.408771476780846,-90.42551253131504,Revision 0 Tag-2.5mm,12357758
234,Elevation A,Elevation,Detail Items,generic_annotation,Opening,29.330999891420298,-90.08953940848184,Opening,
235,Elevation A,Elevation,Detail Items,generic_annotation,Opening,18.865126304245244,-90.08953940848184,Opening,
236,Elevation C,Elevation,Detail Items,generic_annotation,Opening,30.713934081343858,-87.87607110663704,Opening,
237,Elevation C,Elevation,Detail Items,generic_annotation,Opening,30.713934081343858,-79.70677976805445,Opening,
238,Elevation C,Elevation,Detail Items,generic_annotation,Opening,30.713934081343858,-87.79405010926173,Opening,
239,Elevation B,Elevation,Detail Items,generic_annotation,Opening,29.330999891420294,-77.69571376987297,Opening,
240,Elevation B,Elevation,Detail Items,generic_annotation,Opening,18.865126304245088,-77.69571376987297,Opening,
241,Elevation D,Elevation,Detail Items,generic_annotation,Opening,16.408771476780846,-87.87607110663728,Opening,
242,Elevation D,Elevation,Detail Items,generic_annotation,Opening,16.408771476780846,-79.70677976805445,Opening,
243,Elevation D,Elevation,Detail Items,generic_annotation,Opening,16.408771476780846,-87.79405010926168,Opening,
244,Elevation A,Elevation,Detail Items,generic_annotation,Detail Filled Region,11.246761205413286,-93.62544344801255,Detail Filled Region,
245,Elevation A,Elevation,Detail Items,generic_annotation,Detail Filled Region,11.246761205413268,-93.62544344801255,Detail Filled Region,
246,Elevation B,Elevation,Detail Items,generic_annotation,Opening,18.94714730162038,-77.69571376987297,Opening,
247,Elevation A,Elevation,Detail Items,generic_annotation,Opening,18.94714730162038,-90.08953940848184,Opening,
248,Elevation C,Elevation,Detail Items,generic_annotation,Detail Filled Region,1056.9908122863176,-95.19371744561434,Detail Filled Region,
249,Elevation C,Elevation,Detail Items,generic_annotation,Detail Filled Region,1056.9908122863176,-95.19371744561438,Detail Filled Region,
250,Elevation D,Elevation,Detail Items,generic_annotation,Detail Filled Region,1042.685649681754,-72.72669013933607,Detail Filled Region,
251,Elevation D,Elevation,Detail Items,generic_annotation,Detail Filled Region,1042.685649681754,-72.72669013933606,Detail Filled Region,
252,Elevation B,Elevation,Detail Items,generic_annotation,Detail Filled Region,35.45474826403073,-81.23161780940718,Detail Filled Region,
253,Elevation B,Elevation,Detail Items,generic_annotation,Detail Filled Region,35.45474826403073,-81.23161780940718,Detail Filled Region,
